"BehaviorSpace results (NetLogo 7.0.4)","Table version 2.0"
"Wolf_Sheep_Predation_simpler.nlogox"
"experiment_100_100"
"08/14/2026 14:46:38:973 -0400"
"min-pxcor","max-pxcor","min-pycor","max-pycor"
"-25","25","-25","25"
"[run number]","wolf-reproduce","sheep-reproduce","grass-regrowth-time","[step]","land_with_grass","count sheep","count wolves"
"5","4","4","175","1500","34.17916186082276","31","0"
"6","4","4","175","1500","67.47404844290658","37","0"
"3","4","4","150","1500","49.058054594386775","27","0"
"4","4","4","175","1500","47.28950403690888","24","0"
"2","4","4","150","1500","44.59823144944252","30","0"
"1","4","4","150","1500","49.86543637062668","23","0"
"7","4","4","200","1500","75.77854671280276","14","0"
"8","4","4","200","1500","48.289119569396384","9","0"
"9","4","4","200","1500","32.17993079584775","29","0"
"10","4","4","225","1500","54.36370626682045","19","0"
"11","4","4","225","1500","58.246828143021915","15","0"
"14","4","4","250","613","38.292964244521336","0","0"
"13","4","4","250","1500","42.40676662821991","42","0"
"15","4","4","250","1500","84.12149173394849","5","0"
"12","4","4","225","1500","62.47597078046905","19","0"
"16","4","6","150","1500","52.09534794309881","31","0"
"17","4","6","150","1500","30.91118800461361","57","0"
"18","4","6","150","1500","42.1760861207228","50","0"
"24","4","6","200","592","52.441368704344484","0","0"
"19","4","6","175","1500","33.48712033833141","30","0"
"20","4","6","175","1500","73.89465590157631","10","0"
"27","4","6","225","231","62.20684352172241","0","0"
"28","4","6","250","134","50.21145713187236","0","0"
"29","4","6","250","137","48.32756632064591","0","0"
"25","4","6","225","637","66.85890042291426","0","0"
"22","4","6","200","1500","31.295655517108806","24","0"
"23","4","6","200","1500","61.13033448673587","31","0"
"30","4","6","250","215","60.70742022299116","0","0"
"32","4","8","150","93","53.47943098808151","0","0"
"21","4","6","175","1500","54.863514033064206","10","0"
"35","4","8","175","97","46.44367550941946","0","0"
"26","4","6","225","991","18.33910034602076","0","0"
"37","4","8","200","156","48.55824682814302","0","0"
"36","4","8","175","178","66.35909265667051","0","0"
"40","4","8","225","103","47.05882352941177","0","0"
"38","4","8","200","491","36.17839292579777","0","0"
"41","4","8","225","212","62.93733179546329","0","0"
"34","4","8","175","979","28.719723183391004","0","0"
"42","4","8","225","157","54.402153018069974","0","0"
"43","4","8","250","113","44.32910419069589","0","0"
"44","4","8","250","153","54.094579008073815","0","0"
"45","4","8","250","130","48.59669357939254","0","0"
"31","4","8","150","1500","37.40868896578239","51","0"
"33","4","8","150","1500","39.83083429450212","5","0"
"50","4","10","175","461","41.63783160322953","0","0"
"39","4","8","200","1500","63.89850057670127","26","0"
"51","4","10","175","110","41.44559784698193","0","0"
"49","4","10","175","825","63.32179930795848","0","0"
"53","4","10","200","522","21.06881968473664","0","0"
"47","4","10","150","1500","36.90888119953864","60","0"
"55","4","10","225","126","46.90503652441369","0","0"
"56","4","10","225","92","42.1760861207228","0","0"
"48","4","10","150","1500","36.75509419454056","45","0"
"54","4","10","200","434","15.916955017301039","0","0"
"57","4","10","225","166","56.40138408304498","0","0"
"58","4","10","250","115","41.44559784698193","0","0"
"59","4","10","250","159","46.1361014994233","0","0"
"52","4","10","200","1183","16.57054978854287","0","0"
"64","4","12","175","126","49.44252210688197","0","0"
"46","4","10","150","1500","48.32756632064591","56","0"
"63","4","12","150","379","23.529411764705884","0","0"
"65","4","12","175","103","48.86582083813918","0","0"
"60","4","10","250","599","45.63629373317955","0","0"
"67","4","12","200","126","52.78738946559016","0","0"
"68","4","12","200","138","52.24913494809689","0","0"
"66","4","12","175","168","67.97385620915033","0","0"
"69","4","12","200","99","43.483275663206456","0","0"
"71","4","12","225","129","46.251441753171854","0","0"
"73","4","12","250","63","38.677431757016535","0","0"
"72","4","12","225","110","41.983852364475204","0","0"
"75","4","12","250","128","39.13879277201077","0","0"
"74","4","12","250","157","47.28950403690888","0","0"
"76","4","14","150","113","48.827374086889655","0","0"
"77","4","14","150","88","44.52133794694348","0","0"
"62","4","12","150","1102","31.372549019607842","0","0"
"70","4","12","225","503","28.219915417147252","0","0"
"82","4","14","200","164","55.82468281430219","0","0"
"81","4","14","175","375","18.992695117262592","0","0"
"61","4","12","150","1500","52.24913494809689","72","0"
"84","4","14","200","88","44.13687043444829","0","0"
"79","4","14","175","400","37.87004998077663","0","0"
"80","4","14","175","557","14.53287197231834","0","0"
"86","4","14","225","105","39.638600538254515","0","0"
"78","4","14","150","740","17.224144559784698","0","0"
"88","4","14","250","76","42.09919261822376","0","0"
"89","4","14","250","81","41.1764705882353","0","0"
"87","4","14","225","137","46.48212226066897","0","0"
"85","4","14","225","428","13.302575932333717","0","0"
"94","4","16","175","105","37.17800845828528","0","0"
"90","4","14","250","440","12.379853902345252","0","0"
"95","4","16","175","399","20.37677816224529","0","0"
"91","4","16","150","790","20.761245674740483","0","0"
"93","4","16","150","562","11.610918877354864","0","0"
"98","4","16","200","105","41.02268358323722","0","0"
"99","4","16","200","109","46.78969627066513","0","0"
"100","4","16","225","94","40.44598231449442","0","0"
"83","4","14","200","1500","17.95463283352557","66","0"
"101","4","16","225","77","34.64052287581699","0","0"
"104","4","16","250","77","35.870818915801614","0","0"
"102","4","16","225","205","64.20607458669743","0","0"
"97","4","16","200","688","14.379084967320262","0","0"
"105","4","16","250","100","37.29334871203383","0","0"
"92","4","16","150","1500","44.21376393694733","60","0"
"108","4","18","150","76","35.75547866205306","0","0"
"96","4","16","175","1225","13.456362937331795","0","0"
"110","4","18","175","119","49.01960784313726","0","0"
"109","4","18","175","324","16.647443291041906","0","0"
"103","4","16","250","799","17.72395232602845","0","0"
"113","4","18","200","73","37.44713571703191","0","0"
"112","4","18","200","163","53.59477124183007","0","0"
"114","4","18","200","98","40.984236831987694","0","0"
"111","4","18","175","343","19.992310649750095","0","0"
"115","4","18","225","78","35.793925413302574","0","0"
"117","4","18","225","72","35.793925413302574","0","0"
"116","4","18","225","78","31.02652825836217","0","0"
"119","4","18","250","73","35.67858515955402","0","0"
"118","4","18","250","139","39.023452518262204","0","0"
"120","4","18","250","78","34.33294886582084","0","0"
"122","4","20","150","122","56.978085351787776","0","0"
"124","4","20","175","99","42.599000384467516","0","0"
"123","4","20","150","125","54.325259515570934","0","0"
"125","4","20","175","101","44.559784698193006","0","0"
"127","4","20","200","147","51.36485966935794","0","0"
"128","4","20","200","106","46.55901576316801","0","0"
"130","4","20","225","62","33.833141099577084","0","0"
"129","4","20","200","101","44.982698961937714","0","0"
"121","4","20","150","330","15.647827758554403","0","0"
"131","4","20","225","95","40.099961553248754","0","0"
"132","4","20","225","87","32.564398308342945","0","0"
"134","4","20","250","77","35.98615916955017","0","0"
"133","4","20","250","84","43.637062668204535","0","0"
"135","4","20","250","72","34.14071510957324","0","0"
"106","4","18","150","1448","23.260284505959245","0","0"
"107","4","18","150","1500","30.680507497116494","72","0"
"126","4","20","175","1500","21.261053440984238","25","0"
"136","6","4","150","1500","49.134948096885815","45","0"
"138","6","4","150","1500","51.2879661668589","36","0"
"139","6","4","175","1500","43.021914648212224","67","0"
"140","6","4","175","1500","32.44905805459439","35","0"
"137","6","4","150","1500","70.04998077662438","45","0"
"141","6","4","175","1500","47.712418300653596","37","0"
"142","6","4","200","1500","85.62091503267973","17","0"
"143","6","4","200","1500","77.50865051903114","3","0"
"144","6","4","200","1500","45.40561322568243","38","0"
"145","6","4","225","1500","40.21530180699731","14","0"
"149","6","4","250","252","72.74125336409074","0","0"
"146","6","4","225","1500","42.522106881968476","30","0"
"147","6","4","225","1500","42.445213379469436","21","0"
"148","6","4","250","1500","46.09765474817378","19","0"
"150","6","4","250","1500","58.246828143021915","22","0"
"151","6","6","150","1500","69.62706651287967","45","0"
"152","6","6","150","1500","73.43329488658209","27","0"
"155","6","6","175","1251","33.756247597078044","0","0"
"159","6","6","200","215","73.77931564782776","0","0"
"154","6","6","175","1500","67.85851595540177","25","0"
"160","6","6","225","118","48.904267589388695","0","0"
"162","6","6","225","222","67.39715494040753","0","0"
"156","6","6","175","1500","43.98308342945021","36","0"
"157","6","6","200","1500","52.94117647058823","14","0"
"153","6","6","150","1500","62.9757785467128","43","0"
"158","6","6","200","1500","52.825836216839676","16","0"
"164","6","6","250","138","47.36639753940792","0","0"
"168","6","8","150","404","63.24490580545944","0","0"
"166","6","8","150","376","60.5920799692426","0","0"
"169","6","8","175","195","81.31487889273356","0","0"
"165","6","6","250","944","24.529027297193387","0","0"
"161","6","6","225","1500","29.296424452133795","36","0"
"163","6","6","250","1371","45.25182622068435","0","0"
"172","6","8","200","470","24.029219530949636","0","0"
"175","6","8","225","133","53.24875048058439","0","0"
"173","6","8","200","538","41.29181084198385","0","0"
"167","6","8","150","1500","41.02268358323722","30","0"
"174","6","8","200","812","42.1760861207228","0","0"
"179","6","8","250","152","52.748942714340636","0","0"
"176","6","8","225","473","39.44636678200692","0","0"
"177","6","8","225","510","13.994617454825068","0","0"
"178","6","8","250","511","23.02960399846213","0","0"
"181","6","10","150","366","31.833910034602077","0","0"
"171","6","8","175","1500","34.02537485582468","20","0"
"170","6","8","175","1500","55.2479815455594","55","0"
"186","6","10","175","95","44.79046520569012","0","0"
"180","6","8","250","1500","59.32333717800846","46","0"
"188","6","10","200","158","55.36332179930796","0","0"
"182","6","10","150","1500","37.254901960784316","64","0"
"183","6","10","150","1500","40.5997693194925","19","0"
"190","6","10","225","124","48.63514033064206","0","0"
"184","6","10","175","1500","52.71049596309112","26","0"
"191","6","10","225","235","74.240676662822","0","0"
"185","6","10","175","1500","36.10149942329873","27","0"
"192","6","10","225","160","50.0961168781238","0","0"
"193","6","10","250","107","43.790849673202615","0","0"
"195","6","10","250","103","40.13840830449827","0","0"
"198","6","12","150","93","47.05882352941177","0","0"
"189","6","10","200","735","15.532487504805843","0","0"
"194","6","10","250","456","14.571318723567858","0","0"
"197","6","12","150","558","26.682045367166474","0","0"
"202","6","12","200","117","41.830065359477125","0","0"
"201","6","12","175","421","20.146097654748175","0","0"
"203","6","12","200","142","51.36485966935794","0","0"
"199","6","12","175","625","41.33025759323337","0","0"
"187","6","10","200","1457","17.07035755478662","0","0"
"204","6","12","200","179","59.93848519800077","0","0"
"207","6","12","225","100","41.94540561322568","0","0"
"206","6","12","225","203","60.47673971549404","0","0"
"208","6","12","250","78","36.79354094579008","0","0"
"196","6","12","150","1226","13.033448673587081","0","0"
"210","6","12","250","111","37.37024221453287","0","0"
"209","6","12","250","184","51.90311418685121","0","0"
"211","6","14","150","345","16.032295271049595","0","0"
"215","6","14","175","93","43.75240292195309","0","0"
"205","6","12","225","776","14.302191464821222","0","0"
"200","6","12","175","1500","24.144559784698192","112","0"
"212","6","14","150","508","19.300269127258748","0","0"
"217","6","14","200","105","47.75086505190311","0","0"
"218","6","14","200","69","40.13840830449827","0","0"
"219","6","14","200","126","43.560169165705496","0","0"
"220","6","14","225","131","47.1357170319108","0","0"
"221","6","14","225","110","46.59746251441753","0","0"
"214","6","14","175","396","35.2556708958093","0","0"
"222","6","14","225","115","44.02153018069973","0","0"
"223","6","14","250","98","40.638216070742025","0","0"
"216","6","14","175","409","22.452902729719337","0","0"
"224","6","14","250","108","40.94579008073818","0","0"
"225","6","14","250","118","42.56055363321799","0","0"
"227","6","16","150","99","47.05882352941177","0","0"
"231","6","16","175","124","55.440215301806994","0","0"
"226","6","16","150","303","10.111495578623606","0","0"
"213","6","14","150","1050","26.835832372164553","0","0"
"233","6","16","200","83","40.099961553248754","0","0"
"232","6","16","200","188","56.516724336793544","0","0"
"234","6","16","200","105","44.67512495194156","0","0"
"235","6","16","225","118","49.058054594386775","0","0"
"237","6","16","225","92","41.1764705882353","0","0"
"229","6","16","175","569","8.381391772395233","0","0"
"236","6","16","225","167","45.32871972318339","0","0"
"238","6","16","250","110","42.56055363321799","0","0"
"240","6","16","250","118","45.290272971933874","0","0"
"239","6","16","250","153","46.40522875816993","0","0"
"244","6","18","175","124","47.59707804690504","0","0"
"241","6","18","150","311","14.571318723567858","0","0"
"230","6","16","175","607","17.301038062283737","0","0"
"245","6","18","175","186","78.12379853902345","0","0"
"246","6","18","175","170","49.36562860438293","0","0"
"247","6","18","200","88","37.677816224529025","0","0"
"249","6","18","200","84","40.7920030757401","0","0"
"251","6","18","225","80","35.17877739331026","0","0"
"250","6","18","225","138","47.712418300653596","0","0"
"252","6","18","225","100","38.33141099577086","0","0"
"253","6","18","250","72","33.56401384083045","0","0"
"248","6","18","200","361","10.957324106113033","0","0"
"254","6","18","250","141","51.51864667435602","0","0"
"255","6","18","250","81","33.64090734332949","0","0"
"228","6","16","150","1500","38.25451749327182","24","0"
"256","6","20","150","136","47.520184544406","0","0"
"259","6","20","175","101","41.44559784698193","0","0"
"261","6","20","175","98","42.79123414071511","0","0"
"257","6","20","150","313","21.376393694732794","0","0"
"262","6","20","200","167","48.55824682814302","0","0"
"260","6","20","175","367","6.305267204921184","0","0"
"264","6","20","200","74","39.21568627450981","0","0"
"265","6","20","225","87","38.446751249519416","0","0"
"266","6","20","225","77","35.140330642060746","0","0"
"267","6","20","225","91","40.984236831987694","0","0"
"243","6","18","150","1500","37.71626297577855","121","0"
"242","6","18","150","1500","27.181853133410225","59","0"
"268","6","20","250","78","37.21645520953479","0","0"
"270","6","20","250","75","35.56324490580546","0","0"
"269","6","20","250","86","36.024605920799694","0","0"
"258","6","20","150","898","18.877354863514032","0","0"
"263","6","20","200","1070","28.027681660899653","0","0"
"271","8","4","150","1500","41.09957708573626","34","0"
"272","8","4","150","1500","45.79008073817762","33","0"
"273","8","4","150","1500","45.40561322568243","32","0"
"274","8","4","175","1500","49.94232987312572","29","0"
"276","8","4","175","1500","47.481737793156476","17","0"
"275","8","4","175","1500","44.982698961937714","34","0"
"277","8","4","200","1500","52.59515570934256","20","0"
"279","8","4","200","1500","75.58631295655518","6","0"
"278","8","4","200","1500","59.4002306805075","30","0"
"280","8","4","225","1500","31.718569780853517","32","0"
"281","8","4","225","1500","59.015763168012306","21","0"
"282","8","4","225","722","76.6243752402922","0","0"
"284","8","4","250","1500","59.669357939254134","25","0"
"283","8","4","250","1500","43.06036139946175","7","0"
"285","8","4","250","1500","43.44482891195694","21","0"
"289","8","6","175","146","61.36101499423299","0","0"
"286","8","6","150","1500","75.31718569780854","24","0"
"287","8","6","150","1500","43.67550941945406","26","0"
"290","8","6","175","897","54.171472510572855","0","0"
"295","8","6","225","166","56.01691657054979","0","0"
"296","8","6","225","143","47.44329104190696","0","0"
"288","8","6","150","1500","42.1760861207228","36","0"
"293","8","6","200","1175","69.0888119953864","0","0"
"292","8","6","200","1500","36.17839292579777","35","0"
"291","8","6","175","1500","26.105344098423682","35","0"
"299","8","6","250","138","47.481737793156476","0","0"
"298","8","6","250","223","54.63283352556709","0","0"
"302","8","8","150","403","56.824298346789696","0","0"
"294","8","6","200","1500","44.40599769319493","59","0"
"300","8","6","250","605","18.685121107266436","0","0"
"297","8","6","225","1080","62.89888504421376","0","0"
"306","8","8","175","502","70.66512879661668","0","0"
"308","8","8","200","185","66.1284121491734","0","0"
"309","8","8","200","194","60.86120722798923","0","0"
"301","8","8","150","1500","42.32987312572088","32","0"
"311","8","8","225","148","51.55709342560554","0","0"
"312","8","8","225","266","88.00461361014995","0","0"
"305","8","8","175","1500","60.86120722798923","60","0"
"304","8","8","175","1500","21.184159938485198","25","0"
"313","8","8","250","113","44.482891195693966","0","0"
"314","8","8","250","113","41.29181084198385","0","0"
"315","8","8","250","166","57.28565936178393","0","0"
"303","8","8","150","1500","41.29181084198385","61","0"
"310","8","8","225","982","58.36216839677047","0","0"
"307","8","8","200","1500","71.81853133410227","8","0"
"319","8","10","175","113","49.9038831218762","0","0"
"321","8","10","175","119","53.133410226835835","0","0"
"322","8","10","200","93","45.48250672818147","0","0"
"316","8","10","150","690","24.605920799692427","0","0"
"324","8","10","200","209","77.00884275278739","0","0"
"325","8","10","225","113","45.25182622068435","0","0"
"323","8","10","200","470","20.761245674740483","0","0"
"328","8","10","250","118","42.13763936947328","0","0"
"329","8","10","250","213","60.130718954248366","0","0"
"327","8","10","225","504","38.79277201076509","0","0"
"330","8","10","250","159","47.020376778162245","0","0"
"326","8","10","225","503","28.87351018838908","0","0"
"317","8","10","150","1500","30.44982698961938","24","0"
"318","8","10","150","1500","58.59284890426759","58","0"
"320","8","10","175","1500","74.47135717031911","41","0"
"334","8","12","175","326","30.83429450211457","0","0"
"333","8","12","150","389","60.82276047673972","0","0"
"335","8","12","175","394","20.530565167243367","0","0"
"339","8","12","200","107","38.79277201076509","0","0"
"337","8","12","200","391","20.45367166474433","0","0"
"340","8","12","225","98","43.790849673202615","0","0"
"341","8","12","225","129","50.36524413687044","0","0"
"342","8","12","225","95","39.83083429450212","0","0"
"343","8","12","250","87","42.32987312572088","0","0"
"331","8","12","150","1106","36.94732795078816","0","0"
"345","8","12","250","89","40.29219530949635","0","0"
"338","8","12","200","431","40.90734332948866","0","0"
"344","8","12","250","250","58.2083813917724","0","0"
"332","8","12","150","1500","49.058054594386775","46","0"
"346","8","14","150","577","27.68166089965398","0","0"
"349","8","14","175","401","28.95040369088812","0","0"
"348","8","14","150","338","24.682814302191463","0","0"
"336","8","12","175","1500","23.68319876970396","59","0"
"351","8","14","175","113","48.44290657439446","0","0"
"352","8","14","200","118","44.59823144944252","0","0"
"355","8","14","225","86","43.29104190695886","0","0"
"357","8","14","225","69","40.17685505574779","0","0"
"358","8","14","250","98","41.48404459823145","0","0"
"354","8","14","200","398","9.84236831987697","0","0"
"353","8","14","200","334","21.64552095347943","0","0"
"359","8","14","250","97","42.90657439446367","0","0"
"350","8","14","175","700","43.29104190695886","0","0"
"360","8","14","250","218","53.78700499807766","0","0"
"363","8","16","150","83","46.866589773164165","0","0"
"364","8","16","175","104","47.98154555940023","0","0"
"365","8","16","175","99","50.48058439061899","0","0"
"362","8","16","150","359","33.0642060745867","0","0"
"366","8","16","175","112","47.481737793156476","0","0"
"347","8","14","150","1500","34.17916186082276","6","0"
"369","8","16","200","131","48.09688581314879","0","0"
"356","8","14","225","926","10.073048827374087","0","0"
"370","8","16","225","93","42.02229911572472","0","0"
"371","8","16","225","96","41.906958861976165","0","0"
"372","8","16","225","76","35.56324490580546","0","0"
"367","8","16","200","357","22.068435217224145","0","0"
"373","8","16","250","73","37.21645520953479","0","0"
"375","8","16","250","71","42.945021145713184","0","0"
"374","8","16","250","114","42.56055363321799","0","0"
"376","8","18","150","132","58.093041138023835","0","0"
"368","8","16","200","436","10.226835832372165","0","0"
"379","8","18","175","107","50.0961168781238","0","0"
"378","8","18","150","127","50.48058439061899","0","0"
"381","8","18","175","102","43.3679354094579","0","0"
"382","8","18","200","114","46.78969627066513","0","0"
"383","8","18","200","113","45.36716647443291","0","0"
"384","8","18","200","93","38.10073048827374","0","0"
"385","8","18","225","96","39.06189926951173","0","0"
"386","8","18","225","115","44.71357170319108","0","0"
"387","8","18","225","136","48.59669357939254","0","0"
"388","8","18","250","229","59.55401768550558","0","0"
"390","8","18","250","83","39.638600538254515","0","0"
"389","8","18","250","159","48.40445982314495","0","0"
"391","8","20","150","84","40.484429065743946","0","0"
"392","8","20","150","87","41.63783160322953","0","0"
"393","8","20","150","111","49.86543637062668","0","0"
"394","8","20","175","83","38.216070742022296","0","0"
"361","8","16","150","1049","11.84159938485198","0","0"
"395","8","20","175","114","47.40484429065744","0","0"
"396","8","20","175","87","39.90772779700115","0","0"
"380","8","18","175","729","60.66897347174164","0","0"
"397","8","20","200","81","41.44559784698193","0","0"
"398","8","20","200","80","39.21568627450981","0","0"
"401","8","20","225","68","36.67820069204152","0","0"
"399","8","20","200","100","43.06036139946175","0","0"
"400","8","20","225","69","41.02268358323722","0","0"
"402","8","20","225","92","37.29334871203383","0","0"
"405","8","20","250","61","36.98577470203768","0","0"
"403","8","20","250","61","33.179546328335256","0","0"
"404","8","20","250","386","8.419838523644753","0","0"
"377","8","18","150","1500","8.573625528642829","56","0"
"407","10","4","150","1500","61.20722798923491","16","0"
"406","10","4","150","1500","64.32141484044598","12","0"
"408","10","4","150","1500","62.014609765474816","13","0"
"412","10","4","200","167","66.32064590542099","0","0"
"415","10","4","225","137","52.479815455594","0","0"
"414","10","4","200","163","57.09342560553633","0","0"
"410","10","4","175","1500","43.25259515570934","35","0"
"411","10","4","175","1500","58.63129565551711","34","0"
"409","10","4","175","1500","53.55632449058054","22","0"
"413","10","4","200","729","55.40176855055748","0","0"
"419","10","4","250","267","76.8166089965398","0","0"
"417","10","4","225","617","51.710880430603616","0","0"
"416","10","4","225","1500","45.02114571318724","21","0"
"418","10","4","250","1500","41.29181084198385","19","0"
"424","10","6","175","479","30.488273740868898","0","0"
"422","10","6","150","1500","54.01768550557478","46","0"
"421","10","6","150","1500","84.19838523644752","12","0"
"423","10","6","150","1500","56.209150326797385","51","0"
"420","10","4","250","1500","29.1041906958862","9","0"
"430","10","6","225","111","54.248366013071895","0","0"
"427","10","6","200","830","54.402153018069974","0","0"
"425","10","6","175","1500","42.82968089196463","21","0"
"426","10","6","175","1500","50.21145713187236","36","0"
"428","10","6","200","1500","30.680507497116494","47","0"
"433","10","6","250","648","37.33179546328335","0","0"
"429","10","6","200","1500","42.13763936947328","66","0"
"435","10","6","250","132","51.90311418685121","0","0"
"431","10","6","225","1009","70.81891580161476","0","0"
"432","10","6","225","1500","61.13033448673587","21","0"
"439","10","8","175","411","41.33025759323337","0","0"
"434","10","6","250","1500","53.67166474432911","13","0"
"436","10","8","150","1500","42.29142637447136","34","0"
"437","10","8","150","1500","60.24605920799692","1","0"
"438","10","8","150","1500","59.09265667051134","22","0"
"445","10","8","225","134","51.172625913110345","0","0"
"446","10","8","225","102","44.44444444444444","0","0"
"440","10","8","175","1500","58.74663590926567","60","0"
"443","10","8","200","547","54.555940023068054","0","0"
"444","10","8","200","566","31.372549019607842","0","0"
"448","10","8","250","186","44.559784698193006","0","0"
"442","10","8","200","1500","31.141868512110726","36","0"
"452","10","10","150","106","53.17185697808535","0","0"
"450","10","8","250","539","15.032679738562091","0","0"
"454","10","10","175","89","40.52287581699346","0","0"
"441","10","8","175","1500","39.869281045751634","46","0"
"453","10","10","150","644","55.82468281430219","0","0"
"449","10","8","250","1038","46.55901576316801","0","0"
"455","10","10","175","433","28.83506343713956","0","0"
"457","10","10","200","149","51.86466743560169","0","0"
"451","10","10","150","1136","47.05882352941177","0","0"
"447","10","8","225","1500","58.246828143021915","60","0"
"461","10","10","225","92","42.21453287197232","0","0"
"463","10","10","250","80","39.869281045751634","0","0"
"462","10","10","225","160","52.825836216839676","0","0"
"459","10","10","200","500","23.5678585159554","0","0"
"456","10","10","175","446","24.9519415609381","0","0"
"460","10","10","225","484","13.071895424836601","0","0"
"465","10","10","250","99","40.90734332948866","0","0"
"464","10","10","250","176","55.6324490580546","0","0"
"458","10","10","200","801","37.754709727028064","0","0"
"468","10","12","150","335","23.913879277201076","0","0"
"467","10","12","150","359","28.37370242214533","0","0"
"470","10","12","175","439","59.900038446751246","0","0"
"471","10","12","175","444","27.258746635909265","0","0"
"472","10","12","200","366","11.11111111111111","0","0"
"473","10","12","200","147","57.13187235678585","0","0"
"475","10","12","225","155","49.25028835063437","0","0"
"476","10","12","225","107","41.599384851980005","0","0"
"478","10","12","250","138","47.05882352941177","0","0"
"474","10","12","200","399","12.418300653594772","0","0"
"479","10","12","250","254","71.54940407535564","0","0"
"477","10","12","225","470","18.26220684352172","0","0"
"480","10","12","250","480","21.14571318723568","0","0"
"466","10","12","150","1500","43.867743175701655","87","0"
"484","10","14","175","99","44.67512495194156","0","0"
"469","10","12","175","1500","53.748558246828146","45","0"
"483","10","14","150","145","45.86697424067666","0","0"
"482","10","14","150","539","23.836985774702036","0","0"
"489","10","14","200","93","42.56055363321799","0","0"
"487","10","14","200","150","58.938869665513266","0","0"
"488","10","14","200","138","54.709727028066126","0","0"
"490","10","14","225","101","48.40445982314495","0","0"
"491","10","14","225","84","44.7520184544406","0","0"
"493","10","14","250","99","40.17685505574779","0","0"
"494","10","14","250","170","50.67281814686659","0","0"
"495","10","14","250","113","40.71510957324106","0","0"
"485","10","14","175","610","14.917339484813533","0","0"
"481","10","14","150","1119","51.82622068435217","0","0"
"499","10","16","175","81","42.599000384467516","0","0"
"496","10","16","150","323","14.379084967320262","0","0"
"492","10","14","225","380","12.264513648596694","0","0"
"501","10","16","175","123","50.05767012687428","0","0"
"502","10","16","200","104","43.13725490196079","0","0"
"503","10","16","200","134","45.213379469434834","0","0"
"504","10","16","200","73","41.09957708573626","0","0"
"505","10","16","225","96","38.0238369857747","0","0"
"506","10","16","225","178","57.32410611303345","0","0"
"507","10","16","225","82","38.83121876201461","0","0"
"498","10","16","150","734","15.032679738562091","0","0"
"509","10","16","250","79","40.984236831987694","0","0"
"510","10","16","250","74","38.13917723952326","0","0"
"508","10","16","250","146","41.1764705882353","0","0"
"511","10","18","150","111","46.17454825067282","0","0"
"486","10","14","175","1500","34.48673587081892","75","0"
"514","10","18","175","312","14.49442522106882","0","0"
"513","10","18","150","283","16.070742022299115","0","0"
"497","10","16","150","1500","51.172625913110345","36","0"
"518","10","18","200","126","46.866589773164165","0","0"
"517","10","18","200","170","54.90196078431372","0","0"
"520","10","18","225","98","42.13763936947328","0","0"
"512","10","18","150","818","34.33294886582084","0","0"
"500","10","16","175","1500","28.527489427143408","64","0"
"522","10","18","225","97","41.40715109573241","0","0"
"519","10","18","200","377","12.264513648596694","0","0"
"515","10","18","175","822","13.379469434832757","0","0"
"521","10","18","225","134","55.36332179930796","0","0"
"516","10","18","175","617","22.952710495963093","0","0"
"525","10","18","250","69","34.90965013456363","0","0"
"524","10","18","250","115","39.561707035755475","0","0"
"526","10","20","150","74","38.4083044982699","0","0"
"529","10","20","175","90","41.138023836985774","0","0"
"527","10","20","150","114","46.36678200692042","0","0"
"530","10","20","175","130","53.47943098808151","0","0"
"532","10","20","200","66","35.8323721645521","0","0"
"534","10","20","200","69","34.14071510957324","0","0"
"535","10","20","225","68","33.67935409457901","0","0"
"523","10","18","250","460","6.305267204921184","0","0"
"533","10","20","200","118","48.7120338331411","0","0"
"537","10","20","225","79","37.677816224529025","0","0"
"538","10","20","250","98","37.63936947327951","0","0"
"531","10","20","175","348","15.686274509803921","0","0"
"540","10","20","250","83","40.7920030757401","0","0"
"539","10","20","250","78","39.638600538254515","0","0"
"528","10","20","150","510","16.839677047289506","0","0"
"536","10","20","225","406","8.996539792387543","0","0"
"543","12","4","150","1500","54.67128027681661","36","0"
"542","12","4","150","1500","74.62514417531719","27","0"
"541","12","4","150","1500","56.55517108804306","32","0"
"545","12","4","175","1500","43.944636678200695","29","0"
"546","12","4","175","1500","66.43598615916954","36","0"
"550","12","4","225","178","57.97770088427528","0","0"
"544","12","4","175","1500","67.97385620915033","24","0"
"547","12","4","200","1500","62.9757785467128","9","0"
"548","12","4","200","1500","55.517108804306034","9","0"
"554","12","4","250","158","54.171472510572855","0","0"
"549","12","4","200","1500","52.78738946559016","34","0"
"552","12","4","225","1500","53.8638985005767","57","0"
"551","12","4","225","1500","61.16878123798539","22","0"
"553","12","4","250","1176","84.62129950019224","0","0"
"555","12","4","250","1500","35.717031910803534","30","0"
"556","12","6","150","1500","48.32756632064591","25","0"
"557","12","6","150","1500","60.93810073048827","48","0"
"558","12","6","150","1500","39.90772779700115","46","0"
"559","12","6","175","1500","58.66974240676663","51","0"
"564","12","6","200","178","63.01422529796232","0","0"
"566","12","6","225","116","46.67435601691657","0","0"
"563","12","6","200","484","43.44482891195694","0","0"
"568","12","6","250","139","49.40407535563245","0","0"
"565","12","6","225","574","55.20953479430988","0","0"
"567","12","6","225","343","73.27950788158401","0","0"
"570","12","6","250","98","40.561322568242986","0","0"
"561","12","6","175","1297","77.31641676278355","0","0"
"560","12","6","175","1500","54.97885428681276","16","0"
"573","12","8","150","94","57.20876585928489","0","0"
"562","12","6","200","1500","42.29142637447136","6","0"
"576","12","8","175","133","52.210688196847364","0","0"
"569","12","6","250","1071","40.90734332948866","0","0"
"577","12","8","200","641","36.332179930795846","0","0"
"571","12","8","150","1500","63.82160707420223","9","0"
"572","12","8","150","1500","56.439830834294504","27","0"
"580","12","8","225","469","39.023452518262204","0","0"
"575","12","8","175","1500","74.97116493656286","19","0"
"582","12","8","225","163","47.712418300653596","0","0"
"583","12","8","250","85","42.445213379469436","0","0"
"584","12","8","250","127","40.7920030757401","0","0"
"585","12","8","250","117","44.982698961937714","0","0"
"578","12","8","200","1400","20.45367166474433","0","0"
"574","12","8","175","1500","50.51903114186851","54","0"
"586","12","10","150","349","36.75509419454056","0","0"
"579","12","8","200","1500","48.40445982314495","54","0"
"590","12","10","175","110","50.44213763936947","0","0"
"592","12","10","200","123","55.2479815455594","0","0"
"581","12","8","225","1377","46.40522875816993","0","0"
"588","12","10","150","613","54.97885428681276","0","0"
"594","12","10","200","145","46.40522875816993","0","0"
"591","12","10","175","662","32.641291810841984","0","0"
"597","12","10","225","150","55.0557477893118","0","0"
"598","12","10","250","139","47.635524798154556","0","0"
"595","12","10","225","461","13.571703191080355","0","0"
"596","12","10","225","554","22.683583237216457","0","0"
"599","12","10","250","127","53.17185697808535","0","0"
"587","12","10","150","1500","33.52556708958093","14","0"
"600","12","10","250","522","24.144559784698192","0","0"
"593","12","10","200","1469","43.25259515570934","0","0"
"605","12","12","175","93","48.7120338331411","0","0"
"606","12","12","175","156","64.05228758169935","0","0"
"607","12","12","200","81","35.67858515955402","0","0"
"589","12","10","175","1500","42.1760861207228","40","0"
"608","12","12","200","76","39.4079200307574","0","0"
"603","12","12","150","961","25.52864282968089","0","0"
"610","12","12","225","144","48.36601307189542","0","0"
"612","12","12","225","152","48.212226066897344","0","0"
"609","12","12","200","390","13.341022683583237","0","0"
"602","12","12","150","1500","35.98615916955017","15","0"
"611","12","12","225","437","9.88081507112649","0","0"
"613","12","12","250","201","47.097270280661284","0","0"
"601","12","12","150","1500","30.44982698961938","61","0"
"615","12","12","250","86","41.36870434448289","0","0"
"617","12","14","150","102","53.44098423683199","0","0"
"619","12","14","175","75","40.330642060745866","0","0"
"621","12","14","175","140","60.438292964244525","0","0"
"616","12","14","150","350","22.29911572472126","0","0"
"622","12","14","200","79","45.597846981930026","0","0"
"623","12","14","200","118","39.946174548250674","0","0"
"620","12","14","175","361","12.879661668589005","0","0"
"624","12","14","200","115","45.71318723567858","0","0"
"604","12","12","175","1500","14.955786236063053","15","0"
"626","12","14","225","79","36.79354094579008","0","0"
"627","12","14","225","104","46.63590926566705","0","0"
"625","12","14","225","104","40.67666282199154","0","0"
"618","12","14","150","544","17.416378316032294","0","0"
"628","12","14","250","131","42.86812764321415","0","0"
"630","12","14","250","71","38.216070742022296","0","0"
"614","12","12","250","561","30.718954248366014","0","0"
"632","12","16","150","153","72.77970011534025","0","0"
"636","12","16","175","95","42.40676662821991","0","0"
"637","12","16","200","66","41.56093810073049","0","0"
"635","12","16","175","169","55.36332179930796","0","0"
"629","12","14","250","451","11.764705882352942","0","0"
"634","12","16","175","357","13.879277201076508","0","0"
"639","12","16","200","111","47.67397154940407","0","0"
"640","12","16","225","127","49.9038831218762","0","0"
"641","12","16","225","137","44.09842368319877","0","0"
"643","12","16","250","115","44.9442522106882","0","0"
"638","12","16","200","399","12.53364090734333","0","0"
"645","12","16","250","97","39.98462129950019","0","0"
"644","12","16","250","151","45.290272971933874","0","0"
"642","12","16","225","199","61.01499423298731","0","0"
"647","12","18","150","83","43.90618992695117","0","0"
"648","12","18","150","101","53.36409073433295","0","0"
"633","12","16","150","756","33.60246059207997","0","0"
"650","12","18","175","80","47.020376778162245","0","0"
"651","12","18","175","377","8.881199538638985","0","0"
"649","12","18","175","329","9.88081507112649","0","0"
"653","12","18","200","363","8.49673202614379","0","0"
"656","12","18","225","53","35.6401384083045","0","0"
"655","12","18","225","87","41.21491733948481","0","0"
"658","12","18","250","79","37.52402921953095","0","0"
"657","12","18","225","212","61.36101499423299","0","0"
"631","12","16","150","1500","11.264898116109189","48","0"
"660","12","18","250","81","39.06189926951173","0","0"
"659","12","18","250","103","38.63898500576701","0","0"
"661","12","20","150","122","49.63475586312956","0","0"
"662","12","20","150","527","28.143021914648212","0","0"
"665","12","20","175","95","49.7116493656286","0","0"
"646","12","18","150","1500","29.45021145713187","79","0"
"666","12","20","175","101","48.827374086889655","0","0"
"652","12","18","200","1390","12.956555171088043","0","0"
"668","12","20","200","154","52.8642829680892","0","0"
"670","12","20","225","109","40.984236831987694","0","0"
"654","12","18","200","1500","17.685505574778933","2","0"
"671","12","20","225","62","33.79469434832757","0","0"
"669","12","20","200","323","7.958477508650519","0","0"
"667","12","20","200","427","12.841214917339485","0","0"
"672","12","20","225","93","37.908496732026144","0","0"
"673","12","20","250","85","34.90965013456363","0","0"
"675","12","20","250","80","35.217224144559786","0","0"
"674","12","20","250","252","65.39792387543253","0","0"
"664","12","20","175","1449","11.264898116109189","0","0"
"663","12","20","150","1128","28.98885044213764","0","0"
"676","14","4","150","1500","38.677431757016535","27","0"
"677","14","4","150","1500","46.71280276816609","30","0"
"678","14","4","150","1500","47.174163783160324","26","0"
"679","14","4","175","1500","49.51941560938101","36","0"
"683","14","4","200","324","79.35409457900808","0","0"
"680","14","4","175","1500","56.01691657054979","9","0"
"681","14","4","175","1500","39.48481353325644","44","0"
"682","14","4","200","1500","64.5520953479431","19","0"
"689","14","4","250","136","46.98193002691273","0","0"
"684","14","4","200","1500","39.638600538254515","48","0"
"685","14","4","225","1500","57.01653210303729","41","0"
"686","14","4","225","1500","44.71357170319108","26","0"
"687","14","4","225","1500","51.710880430603616","10","0"
"688","14","4","250","637","61.476355247981544","0","0"
"690","14","4","250","1500","67.3202614379085","24","0"
"691","14","6","150","1500","57.17031910803537","34","0"
"693","14","6","150","1500","53.67166474432911","37","0"
"692","14","6","150","1500","47.05882352941177","66","0"
"694","14","6","175","1500","27.412533640907345","44","0"
"698","14","6","200","118","49.55786236063053","0","0"
"701","14","6","225","174","58.8235294117647","0","0"
"700","14","6","225","588","45.32871972318339","0","0"
"703","14","6","250","121","44.86735870818916","0","0"
"695","14","6","175","1500","41.676278354479045","16","0"
"702","14","6","225","664","43.29104190695886","0","0"
"696","14","6","175","1500","43.32948865820838","53","0"
"699","14","6","200","1108","20.26143790849673","0","0"
"697","14","6","200","1500","63.12956555171088","5","0"
"705","14","6","250","707","16.262975778546714","0","0"
"708","14","8","150","900","35.4479046520569","0","0"
"704","14","6","250","1419","46.90503652441369","0","0"
"709","14","8","175","893","42.1760861207228","0","0"
"707","14","8","150","1500","43.021914648212224","48","0"
"706","14","8","150","1500","69.39638600538254","62","0"
"714","14","8","200","123","49.48096885813149","0","0"
"712","14","8","200","466","32.25682429834679","0","0"
"715","14","8","225","153","55.2479815455594","0","0"
"718","14","8","250","99","43.67550941945406","0","0"
"713","14","8","200","1149","26.605151864667434","0","0"
"719","14","8","250","515","20.184544405997695","0","0"
"711","14","8","175","1500","50.01922337562476","10","0"
"720","14","8","250","137","55.36332179930796","0","0"
"710","14","8","175","1500","49.9038831218762","24","0"
"716","14","8","225","1500","26.98961937716263","12","0"
"717","14","8","225","1500","37.63936947327951","37","0"
"721","14","10","150","1074","50.98039215686274","0","0"
"724","14","10","175","413","25.64398308342945","0","0"
"727","14","10","200","196","60.976547481737796","0","0"
"729","14","10","200","115","45.25182622068435","0","0"
"722","14","10","150","1500","61.16878123798539","62","0"
"723","14","10","150","1500","37.754709727028064","56","0"
"728","14","10","200","440","34.525182622068435","0","0"
"732","14","10","225","155","58.861976163014226","0","0"
"730","14","10","225","436","13.264129181084199","0","0"
"733","14","10","250","169","52.09534794309881","0","0"
"725","14","10","175","1500","26.797385620915033","30","0"
"734","14","10","250","225","61.28412149173395","0","0"
"731","14","10","225","497","22.41445597846982","0","0"
"726","14","10","175","1500","70.70357554786621","16","0"
"735","14","10","250","236","64.32141484044598","0","0"
"736","14","12","150","123","52.63360246059208","0","0"
"739","14","12","175","138","53.67166474432911","0","0"
"742","14","12","200","103","40.52287581699346","0","0"
"740","14","12","175","190","76.8166089965398","0","0"
"743","14","12","200","126","46.1361014994233","0","0"
"741","14","12","175","368","24.413687043444828","0","0"
"737","14","12","150","603","34.83275663206459","0","0"
"747","14","12","225","118","49.94232987312572","0","0"
"749","14","12","250","91","47.174163783160324","0","0"
"748","14","12","250","147","46.98193002691273","0","0"
"745","14","12","225","483","14.340638216070742","0","0"
"744","14","12","200","393","16.032295271049595","0","0"
"746","14","12","225","457","15.032679738562091","0","0"
"750","14","12","250","142","49.211841599384854","0","0"
"753","14","14","150","93","46.82814302191465","0","0"
"754","14","14","175","153","55.74778931180315","0","0"
"752","14","14","150","314","15.455594002306805","0","0"
"751","14","14","150","345","27.10495963091119","0","0"
"757","14","14","200","105","42.98346789696271","0","0"
"755","14","14","175","397","14.109957708573626","0","0"
"761","14","14","225","125","47.28950403690888","0","0"
"758","14","14","200","364","18.762014609765476","0","0"
"759","14","14","200","449","11.11111111111111","0","0"
"738","14","12","150","1500","28.181468665897732","54","0"
"762","14","14","225","100","39.600153787005","0","0"
"763","14","14","250","203","45.09803921568628","0","0"
"765","14","14","250","84","36.716647443291045","0","0"
"764","14","14","250","187","50.98039215686274","0","0"
"766","14","16","150","114","54.479046520569014","0","0"
"769","14","16","175","73","38.33141099577086","0","0"
"770","14","16","175","95","46.98193002691273","0","0"
"771","14","16","175","83","43.75240292195309","0","0"
"772","14","16","200","103","43.32948865820838","0","0"
"767","14","16","150","312","20.684352172241447","0","0"
"768","14","16","150","310","12.918108419838523","0","0"
"775","14","16","225","94","40.52287581699346","0","0"
"776","14","16","225","114","47.40484429065744","0","0"
"777","14","16","225","75","40.75355632449058","0","0"
"778","14","16","250","104","40.638216070742025","0","0"
"780","14","16","250","83","31.295655517108806","0","0"
"779","14","16","250","164","51.2879661668589","0","0"
"773","14","16","200","484","27.06651287966167","0","0"
"782","14","18","150","89","44.32910419069589","0","0"
"781","14","18","150","114","54.0561322568243","0","0"
"784","14","18","175","80","38.94655901576317","0","0"
"785","14","18","175","85","38.83121876201461","0","0"
"760","14","14","225","1500","37.17800845828528","61","0"
"786","14","18","175","139","53.748558246828146","0","0"
"774","14","16","200","704","13.994617454825068","0","0"
"789","14","18","200","71","40.94579008073818","0","0"
"788","14","18","200","94","43.25259515570934","0","0"
"790","14","18","225","73","36.60130718954248","0","0"
"792","14","18","225","100","41.7916186082276","0","0"
"791","14","18","225","124","47.020376778162245","0","0"
"793","14","18","250","153","47.59707804690504","0","0"
"794","14","18","250","109","44.13687043444829","0","0"
"795","14","18","250","150","43.90618992695117","0","0"
"756","14","14","175","1456","38.33141099577086","0","0"
"787","14","18","200","676","8.458285274894271","0","0"
"799","14","20","175","143","57.97770088427528","0","0"
"783","14","18","150","986","10.265282583621683","0","0"
"797","14","20","150","336","11.07266435986159","0","0"
"798","14","20","150","318","17.95463283352557","0","0"
"801","14","20","175","70","36.13994617454825","0","0"
"802","14","20","200","100","43.483275663206456","0","0"
"803","14","20","200","88","43.21414840445982","0","0"
"805","14","20","225","86","33.333333333333336","0","0"
"806","14","20","225","91","33.21799307958477","0","0"
"807","14","20","225","97","46.21299500192234","0","0"
"800","14","20","175","308","14.571318723567858","0","0"
"809","14","20","250","67","30.44982698961938","0","0"
"810","14","20","250","80","37.908496732026144","0","0"
"808","14","20","250","93","36.17839292579777","0","0"
"796","14","20","150","751","11.918492887351018","0","0"
"804","14","20","200","362","11.034217608612073","0","0"
"812","16","4","150","1500","37.52402921953095","34","0"
"813","16","4","150","1500","37.254901960784316","45","0"
"811","16","4","150","1500","47.020376778162245","56","0"
"816","16","4","175","1500","58.169934640522875","22","0"
"815","16","4","175","1500","47.75086505190311","32","0"
"821","16","4","225","245","79.27720107650903","0","0"
"814","16","4","175","1500","34.2560553633218","18","0"
"820","16","4","225","1189","43.637062668204535","0","0"
"817","16","4","200","1500","50.59592464436755","41","0"
"818","16","4","200","1500","46.32833525567089","25","0"
"819","16","4","200","1500","30.718954248366014","26","0"
"822","16","4","225","1500","61.36101499423299","21","0"
"823","16","4","250","1035","55.440215301806994","0","0"
"824","16","4","250","1218","71.6647443291042","0","0"
"825","16","4","250","1500","54.97885428681276","10","0"
"826","16","6","150","1500","35.10188389081122","21","0"
"827","16","6","150","1500","65.89773164167627","38","0"
"828","16","6","150","1500","47.28950403690888","63","0"
"830","16","6","175","1500","57.13187235678585","36","0"
"833","16","6","200","899","50.44213763936947","0","0"
"831","16","6","175","1500","30.98808150711265","23","0"
"829","16","6","175","1500","45.9438677431757","24","0"
"832","16","6","200","1500","35.793925413302574","21","0"
"837","16","6","225","536","28.258362168396772","0","0"
"839","16","6","250","104","44.982698961937714","0","0"
"834","16","6","200","1500","37.87004998077663","41","0"
"835","16","6","225","1500","45.32871972318339","14","0"
"836","16","6","225","1478","43.90618992695117","0","0"
"842","16","8","150","444","32.98731257208766","0","0"
"838","16","6","250","973","33.833141099577084","0","0"
"845","16","8","175","131","61.707035755478664","0","0"
"843","16","8","150","441","27.873894655901577","0","0"
"848","16","8","200","121","51.4801999231065","0","0"
"840","16","6","250","1500","75.12495194156094","4","0"
"844","16","8","175","467","39.33102652825836","0","0"
"849","16","8","200","132","57.59323337178009","0","0"
"851","16","8","225","137","47.40484429065744","0","0"
"841","16","8","150","1500","63.93694732795079","44","0"
"852","16","8","225","108","43.40638216070742","0","0"
"853","16","8","250","107","43.13725490196079","0","0"
"855","16","8","250","96","43.637062668204535","0","0"
"856","16","10","150","158","69.97308727412533","0","0"
"847","16","8","200","845","40.90734332948866","0","0"
"854","16","8","250","617","51.86466743560169","0","0"
"860","16","10","175","138","54.97885428681276","0","0"
"859","16","10","175","471","26.259131103421762","0","0"
"862","16","10","200","105","41.061130334486734","0","0"
"850","16","8","225","1500","27.06651287966167","36","0"
"864","16","10","200","126","51.44175317185698","0","0"
"846","16","8","175","1500","50.0961168781238","56","0"
"863","16","10","200","457","20.146097654748175","0","0"
"865","16","10","225","90","39.600153787005","0","0"
"867","16","10","225","78","42.13763936947328","0","0"
"868","16","10","250","84","42.56055363321799","0","0"
"857","16","10","150","1500","44.63667820069204","53","0"
"866","16","10","225","148","49.63475586312956","0","0"
"869","16","10","250","111","42.82968089196463","0","0"
"870","16","10","250","98","41.86851211072664","0","0"
"858","16","10","150","1500","40.75355632449058","44","0"
"871","16","12","150","402","46.67435601691657","0","0"
"876","16","12","175","96","46.59746251441753","0","0"
"861","16","10","175","1500","46.251441753171854","81","0"
"875","16","12","175","687","40.7920030757401","0","0"
"877","16","12","200","419","20.146097654748175","0","0"
"872","16","12","150","707","47.59707804690504","0","0"
"880","16","12","225","129","49.78854286812764","0","0"
"881","16","12","225","77","39.98462129950019","0","0"
"882","16","12","225","202","55.94002306805075","0","0"
"883","16","12","250","199","60.47673971549404","0","0"
"884","16","12","250","224","56.824298346789696","0","0"
"874","16","12","175","1500","35.06343713956171","7","0"
"885","16","12","250","121","44.40599769319493","0","0"
"886","16","14","150","109","47.75086505190311","0","0"
"873","16","12","150","1500","74.20222991157247","36","0"
"887","16","14","150","106","54.63283352556709","0","0"
"888","16","14","150","68","43.3679354094579","0","0"
"892","16","14","200","61","45.32871972318339","0","0"
"893","16","14","200","97","41.522491349480966","0","0"
"891","16","14","175","360","14.609765474817378","0","0"
"895","16","14","225","110","41.830065359477125","0","0"
"878","16","12","200","1500","46.05920799692426","89","0"
"896","16","14","225","84","42.86812764321415","0","0"
"897","16","14","225","70","38.4083044982699","0","0"
"879","16","12","200","1368","33.102652825836216","0","0"
"898","16","14","250","159","46.05920799692426","0","0"
"900","16","14","250","141","47.174163783160324","0","0"
"899","16","14","250","159","51.095732410611305","0","0"
"894","16","14","200","417","11.687812379853902","0","0"
"890","16","14","175","897","20.722798923490966","0","0"
"902","16","16","150","264","10.457516339869281","0","0"
"903","16","16","150","264","17.531718569780853","0","0"
"905","16","16","175","179","64.5520953479431","0","0"
"907","16","16","200","104","44.25221068819685","0","0"
"908","16","16","200","127","50.98039215686274","0","0"
"904","16","16","175","332","9.22722029988466","0","0"
"909","16","16","200","135","43.67550941945406","0","0"
"910","16","16","225","101","43.29104190695886","0","0"
"912","16","16","225","86","42.63744713571703","0","0"
"913","16","16","250","77","42.48366013071895","0","0"
"889","16","14","175","1500","15.032679738562091","30","0"
"901","16","16","150","774","19.87697039600154","0","0"
"914","16","16","250","86","39.600153787005","0","0"
"911","16","16","225","167","49.32718185313341","0","0"
"915","16","16","250","109","44.67512495194156","0","0"
"919","16","18","175","83","41.753171856978085","0","0"
"920","16","18","175","98","43.175701653210304","0","0"
"917","16","18","150","313","17.95463283352557","0","0"
"922","16","18","200","97","43.3679354094579","0","0"
"923","16","18","200","61","37.33179546328335","0","0"
"924","16","18","200","95","42.79123414071511","0","0"
"906","16","16","175","833","8.804306036139947","0","0"
"925","16","18","225","161","51.44175317185698","0","0"
"928","16","18","250","69","35.371011149557866","0","0"
"921","16","18","175","329","22.683583237216457","0","0"
"929","16","18","250","196","43.40638216070742","0","0"
"930","16","18","250","111","42.86812764321415","0","0"
"927","16","18","225","439","17.224144559784698","0","0"
"926","16","18","225","535","33.02575932333718","0","0"
"934","16","20","175","75","39.25413302575932","0","0"
"931","16","20","150","306","14.53287197231834","0","0"
"935","16","20","175","89","43.90618992695117","0","0"
"932","16","20","150","281","9.765474817377932","0","0"
"937","16","20","200","74","36.562860438292965","0","0"
"938","16","20","200","89","43.32948865820838","0","0"
"916","16","18","150","1417","42.98346789696271","0","0"
"939","16","20","200","153","54.0561322568243","0","0"
"936","16","20","175","327","17.262591311034218","0","0"
"940","16","20","225","67","34.48673587081892","0","0"
"941","16","20","225","136","47.21261053440984","0","0"
"943","16","20","250","114","40.407535563244906","0","0"
"944","16","20","250","67","34.40984236831988","0","0"
"918","16","18","150","1500","18.185313341022685","21","0"
"945","16","20","250","101","38.56209150326797","0","0"
"942","16","20","225","417","15.417147251057285","0","0"
"933","16","20","150","1500","38.216070742022296","120","0"
"946","18","4","150","1500","68.55055747789312","22","0"
"949","18","4","175","1500","57.554786620530564","39","0"
"950","18","4","175","1250","69.85774702037678","0","0"
"948","18","4","150","1500","61.74548250672818","24","0"
"947","18","4","150","1500","61.399461745482505","21","0"
"951","18","4","175","1500","93.54094579008074","4","0"
"952","18","4","200","1500","49.44252210688197","30","0"
"953","18","4","200","1500","40.29219530949635","37","0"
"958","18","4","250","204","58.51595540176855","0","0"
"955","18","4","225","1500","50.865051903114185","15","0"
"954","18","4","200","1500","72.77970011534025","18","0"
"959","18","4","250","245","64.62898885044214","0","0"
"957","18","4","225","1500","48.750480584390615","13","0"
"956","18","4","225","1500","36.94732795078816","10","0"
"960","18","4","250","1500","25.990003844675126","60","0"
"966","18","6","175","124","53.90234525182622","0","0"
"961","18","6","150","1500","41.94540561322568","29","0"
"962","18","6","150","1500","49.7116493656286","33","0"
"963","18","6","150","1500","36.06305267204921","66","0"
"964","18","6","175","1500","64.5520953479431","26","0"
"970","18","6","225","967","46.02076124567474","0","0"
"972","18","6","225","176","60.66897347174164","0","0"
"967","18","6","200","1500","52.748942714340636","54","0"
"968","18","6","200","1500","52.24913494809689","37","0"
"965","18","6","175","1500","35.67858515955402","11","0"
"969","18","6","200","1500","54.36370626682045","15","0"
"974","18","6","250","612","33.52556708958093","0","0"
"975","18","6","250","693","18.185313341022685","0","0"
"971","18","6","225","1500","54.59438677431757","37","0"
"973","18","6","250","1500","22.568242983467897","22","0"
"978","18","8","150","1103","29.873125720876587","0","0"
"982","18","8","200","146","51.98000768935025","0","0"
"977","18","8","150","1500","67.82006920415225","32","0"
"983","18","8","200","459","45.79008073817762","0","0"
"984","18","8","200","454","28.9119569396386","0","0"
"979","18","8","175","1500","52.05690119184929","38","0"
"976","18","8","150","1500","73.24106113033449","14","0"
"985","18","8","225","157","57.36255286428297","0","0"
"986","18","8","225","158","60.93810073048827","0","0"
"988","18","8","250","81","41.86851211072664","0","0"
"980","18","8","175","1500","38.94655901576317","24","0"
"989","18","8","250","249","67.51249519415609","0","0"
"990","18","8","250","196","53.09496347558631","0","0"
"987","18","8","225","473","29.1041906958862","0","0"
"981","18","8","175","1500","36.8319876970396","23","0"
"996","18","10","175","158","61.89926951172626","0","0"
"992","18","10","150","600","89.77316416762784","0","0"
"998","18","10","200","98","46.32833525567089","0","0"
"994","18","10","175","711","87.19723183391004","0","0"
"1000","18","10","225","95","42.13763936947328","0","0"
"1001","18","10","225","446","16.186082276047674","0","0"
"999","18","10","200","914","35.75547866205306","0","0"
"993","18","10","150","1500","51.98000768935025","23","0"
"1002","18","10","225","165","51.98000768935025","0","0"
"1003","18","10","250","145","44.59823144944252","0","0"
"1004","18","10","250","107","44.59823144944252","0","0"
"1005","18","10","250","90","42.86812764321415","0","0"
"995","18","10","175","1500","60.63052672049212","32","0"
"991","18","10","150","1500","53.94079200307574","69","0"
"997","18","10","200","1500","20.107650903498655","27","0"
"1007","18","12","150","384","19.300269127258748","0","0"
"1010","18","12","175","183","76.97039600153786","0","0"
"1012","18","12","200","212","68.28143021914649","0","0"
"1014","18","12","200","215","84.85198000768935","0","0"
"1015","18","12","225","238","80.46905036524414","0","0"
"1016","18","12","225","456","17.531718569780853","0","0"
"1006","18","12","150","1500","34.602076124567475","64","0"
"1011","18","12","175","1300","32.91041906958862","0","0"
"1008","18","12","150","1500","27.64321414840446","85","0"
"1009","18","12","175","1500","35.67858515955402","26","0"
"1018","18","12","250","126","47.635524798154556","0","0"
"1020","18","12","250","97","43.06036139946175","0","0"
"1021","18","14","150","114","55.59400230680507","0","0"
"1024","18","14","175","182","70.5113417916186","0","0"
"1013","18","12","200","1054","13.302575932333717","0","0"
"1025","18","14","175","139","54.67128027681661","0","0"
"1026","18","14","175","96","47.020376778162245","0","0"
"1019","18","12","250","624","15.22491349480969","0","0"
"1027","18","14","200","99","43.25259515570934","0","0"
"1029","18","14","200","141","49.01960784313726","0","0"
"1030","18","14","225","191","55.86312956555171","0","0"
"1017","18","12","225","1128","29.373317954632835","0","0"
"1028","18","14","200","415","10.957324106113033","0","0"
"1033","18","14","250","190","53.44098423683199","0","0"
"1031","18","14","225","438","10.188389081122645","0","0"
"1022","18","14","150","1084","29.48865820838139","0","0"
"1035","18","14","250","81","35.40945790080738","0","0"
"1036","18","16","150","145","61.24567474048443","0","0"
"1039","18","16","175","101","44.905805459438675","0","0"
"1032","18","14","225","690","12.802768166089965","0","0"
"1041","18","16","175","124","43.90618992695117","0","0"
"1023","18","14","150","1500","13.379469434832757","5","0"
"1034","18","14","250","456","11.84159938485198","0","0"
"1042","18","16","200","94","47.635524798154556","0","0"
"1045","18","16","225","71","45.751633986928105","0","0"
"1043","18","16","200","123","44.71357170319108","0","0"
"1044","18","16","200","98","40.17685505574779","0","0"
"1040","18","16","175","532","16.878123798539022","0","0"
"1047","18","16","225","71","35.2556708958093","0","0"
"1046","18","16","225","136","51.095732410611305","0","0"
"1048","18","16","250","95","43.713956170703575","0","0"
"1050","18","16","250","102","34.678969627066515","0","0"
"1053","18","18","150","84","44.86735870818916","0","0"
"1049","18","16","250","555","47.40484429065744","0","0"
"1038","18","16","150","1500","41.21491733948481","21","0"
"1037","18","16","150","1500","45.71318723567858","26","0"
"1057","18","18","200","113","53.21030372933487","0","0"
"1055","18","18","175","352","10.380622837370241","0","0"
"1059","18","18","200","92","37.908496732026144","0","0"
"1058","18","18","200","109","43.637062668204535","0","0"
"1052","18","18","150","724","13.033448673587081","0","0"
"1056","18","18","175","325","18.031526336024605","0","0"
"1060","18","18","225","131","42.02229911572472","0","0"
"1061","18","18","225","163","56.55517108804306","0","0"
"1063","18","18","250","149","49.596309111880046","0","0"
"1062","18","18","225","173","54.01768550557478","0","0"
"1064","18","18","250","166","42.79123414071511","0","0"
"1066","18","20","150","141","58.90042291426374","0","0"
"1065","18","18","250","190","53.28719723183391","0","0"
"1068","18","20","150","116","55.47866205305652","0","0"
"1067","18","20","150","112","51.32641291810842","0","0"
"1070","18","20","175","99","47.789311803152636","0","0"
"1073","18","20","200","61","43.52172241445598","0","0"
"1051","18","18","150","1500","13.379469434832757","56","0"
"1075","18","20","225","78","35.793925413302574","0","0"
"1072","18","20","200","180","56.74740484429066","0","0"
"1054","18","18","175","1500","50.36524413687044","60","0"
"1076","18","20","225","94","40.638216070742025","0","0"
"1071","18","20","175","372","25.49019607843137","0","0"
"1077","18","20","225","69","36.8319876970396","0","0"
"1069","18","20","175","524","9.688581314878892","0","0"
"1079","18","20","250","81","37.29334871203383","0","0"
"1078","18","20","250","108","41.983852364475204","0","0"
"1080","18","20","250","103","40.86889657823914","0","0"
"1074","18","20","200","382","8.49673202614379","0","0"
"1082","20","4","150","1500","64.47520184544406","36","0"
"1085","20","4","175","1500","81.5840061514802","22","0"
"1086","20","4","175","1500","66.82045367166475","26","0"
"1083","20","4","150","1500","58.861976163014226","35","0"
"1084","20","4","175","1500","55.40176855055748","19","0"
"1087","20","4","200","533","45.17493271818531","0","0"
"1081","20","4","150","1500","45.520953479430986","43","0"
"1088","20","4","200","1500","67.43560169165706","15","0"
"1090","20","4","225","1500","67.58938869665513","6","0"
"1089","20","4","200","1500","89.54248366013071","5","0"
"1091","20","4","225","1500","61.28412149173395","30","0"
"1094","20","4","250","208","70.8958093041138","0","0"
"1095","20","4","250","232","61.66858900422914","0","0"
"1092","20","4","225","1500","58.63129565551711","29","0"
"1093","20","4","250","1500","31.218762014609766","42","0"
"1096","20","6","150","1500","45.17493271818531","68","0"
"1098","20","6","150","1500","52.133794694348325","50","0"
"1097","20","6","150","1500","60.24605920799692","14","0"
"1099","20","6","175","1500","30.91118800461361","20","0"
"1100","20","6","175","1500","35.870818915801614","28","0"
"1105","20","6","225","185","60.70742022299116","0","0"
"1103","20","6","200","526","62.66820453671665","0","0"
"1104","20","6","200","488","47.28950403690888","0","0"
"1108","20","6","250","613","24.836601307189543","0","0"
"1102","20","6","200","1500","71.24183006535948","21","0"
"1106","20","6","225","1500","56.78585159554018","14","0"
"1101","20","6","175","1500","52.24913494809689","31","0"
"1107","20","6","225","1500","56.67051134179162","14","0"
"1109","20","6","250","1500","46.17454825067282","14","0"
"1114","20","8","175","435","33.0642060745867","0","0"
"1110","20","6","250","1392","25.297962322183775","0","0"
"1117","20","8","200","152","49.44252210688197","0","0"
"1111","20","8","150","1500","48.289119569396384","40","0"
"1112","20","8","150","1500","48.5198000768935","21","0"
"1120","20","8","225","181","58.51595540176855","0","0"
"1115","20","8","175","1500","36.29373317954633","27","0"
"1113","20","8","150","1500","47.866205305651675","52","0"
"1118","20","8","200","1154","22.33756247597078","0","0"
"1122","20","8","225","123","50.90349865436371","0","0"
"1116","20","8","175","1500","55.94002306805075","38","0"
"1123","20","8","250","180","58.43906189926951","0","0"
"1125","20","8","250","202","58.55440215301807","0","0"
"1124","20","8","250","512","18.569780853517877","0","0"
"1129","20","10","175","93","48.981161091887735","0","0"
"1126","20","10","150","682","47.712418300653596","0","0"
"1119","20","8","200","1500","67.8969627066513","23","0"
"1121","20","8","225","1500","26.720492118415994","43","0"
"1133","20","10","200","196","58.78508266051519","0","0"
"1134","20","10","200","124","46.67435601691657","0","0"
"1131","20","10","175","700","30.526720492118415","0","0"
"1132","20","10","200","858","11.572472126105344","0","0"
"1135","20","10","225","462","25.10572856593618","0","0"
"1137","20","10","225","124","48.17377931564783","0","0"
"1128","20","10","150","1500","35.98615916955017","25","0"
"1139","20","10","250","127","44.05997693194925","0","0"
"1136","20","10","225","519","30.026912725874663","0","0"
"1140","20","10","250","110","44.25221068819685","0","0"
"1130","20","10","175","1500","38.90811226451365","15","0"
"1138","20","10","250","542","11.80315263360246","0","0"
"1127","20","10","150","1500","32.795078815840064","34","0"
"1144","20","12","175","384","20.41522491349481","0","0"
"1146","20","12","175","145","56.86274509803921","0","0"
"1147","20","12","200","408","12.379853902345252","0","0"
"1148","20","12","200","386","20.069204152249135","0","0"
"1150","20","12","225","116","48.904267589388695","0","0"
"1151","20","12","225","112","47.44329104190696","0","0"
"1142","20","12","150","1500","74.77893118031527","36","0"
"1141","20","12","150","1500","44.63667820069204","59","0"
"1143","20","12","150","1374","40.7920030757401","0","0"
"1149","20","12","200","684","16.37831603229527","0","0"
"1154","20","12","250","145","54.67128027681661","0","0"
"1145","20","12","175","1500","63.360246059207995","11","0"
"1156","20","14","150","90","44.17531718569781","0","0"
"1157","20","14","150","83","51.710880430603616","0","0"
"1160","20","14","175","117","45.71318723567858","0","0"
"1153","20","12","250","420","11.84159938485198","0","0"
"1155","20","12","250","407","17.0319108035371","0","0"
"1161","20","14","175","106","49.48096885813149","0","0"
"1158","20","14","150","295","19.377162629757784","0","0"
"1159","20","14","175","392","10.265282583621683","0","0"
"1165","20","14","225","105","50.173010380622834","0","0"
"1152","20","12","225","526","23.18339100346021","0","0"
"1166","20","14","225","104","47.251057285659364","0","0"
"1167","20","14","225","99","43.32948865820838","0","0"
"1168","20","14","250","84","45.09803921568628","0","0"
"1162","20","14","200","426","21.14571318723568","0","0"
"1170","20","14","250","91","43.25259515570934","0","0"
"1169","20","14","250","170","45.444059976931946","0","0"
"1163","20","14","200","383","18.877354863514032","0","0"
"1164","20","14","200","389","15.76316801230296","0","0"
"1171","20","16","150","74","42.71434063821607","0","0"
"1174","20","16","175","69","41.1764705882353","0","0"
"1175","20","16","175","76","44.09842368319877","0","0"
"1176","20","16","175","110","49.48096885813149","0","0"
"1177","20","16","200","102","46.251441753171854","0","0"
"1179","20","16","200","100","44.52133794694348","0","0"
"1178","20","16","200","196","59.16955017301038","0","0"
"1180","20","16","225","146","47.75086505190311","0","0"
"1173","20","16","150","310","25.259515570934255","0","0"
"1182","20","16","225","109","38.63898500576701","0","0"
"1181","20","16","225","92","40.29219530949635","0","0"
"1183","20","16","250","94","41.21491733948481","0","0"
"1184","20","16","250","135","46.48212226066897","0","0"
"1185","20","16","250","215","56.362937331795465","0","0"
"1188","20","18","150","152","65.47481737793156","0","0"
"1190","20","18","175","77","37.677816224529025","0","0"
"1191","20","18","175","81","45.444059976931946","0","0"
"1189","20","18","175","173","60.130718954248366","0","0"
"1193","20","18","200","95","39.36947327950788","0","0"
"1187","20","18","150","318","17.454825067281813","0","0"
"1195","20","18","225","97","39.75394079200308","0","0"
"1196","20","18","225","113","44.52133794694348","0","0"
"1197","20","18","225","186","56.47827758554402","0","0"
"1194","20","18","200","406","11.918492887351018","0","0"
"1198","20","18","250","70","41.94540561322568","0","0"
"1199","20","18","250","162","46.48212226066897","0","0"
"1200","20","18","250","157","45.9438677431757","0","0"
"1192","20","18","200","663","13.533256439830835","0","0"
"1203","20","20","150","101","41.40715109573241","0","0"
"1204","20","20","175","117","54.402153018069974","0","0"
"1206","20","20","175","104","48.5198000768935","0","0"
"1202","20","20","150","327","19.68473663975394","0","0"
"1172","20","16","150","1500","63.01422529796232","24","0"
"1201","20","20","150","314","11.264898116109189","0","0"
"1209","20","20","200","83","40.52287581699346","0","0"
"1205","20","20","175","294","7.535563244905806","0","0"
"1210","20","20","225","100","35.717031910803534","0","0"
"1211","20","20","225","122","37.71626297577855","0","0"
"1212","20","20","225","164","51.21107266435986","0","0"
"1213","20","20","250","91","36.024605920799694","0","0"
"1214","20","20","250","92","39.33102652825836","0","0"
"1208","20","20","200","374","8.112264513648597","0","0"
"1215","20","20","250","80","41.061130334486734","0","0"
"1207","20","20","200","442","14.725105728565936","0","0"
"1186","20","18","150","1500","51.82622068435217","93","0"
